repo_name,easy_file,hard_file
vchelaru/Gum,CodeOutputPlugin/MainPlugin.cs,CodeOutputPlugin/Manager/CodeGenerator.cs
aritters/Ritter,samples/Ritter.Samples.Api/Extensions/ServiceCollectionExtensions.cs,src/Infra.Crosscutting/Trying/Try.cs
aritters/Ritter,samples/Ritter.Samples.Api/Extensions/ServiceCollectionExtensions.cs,src/Infra.Data.Seedwork/EFRepository`.cs
6bee/Remote.Linq,src/Remote.Linq/DynamicQuery/DynamicResultMapper.cs,src/Remote.Linq/MethodInfos.cs
6bee/Remote.Linq,src/Remote.Linq/ExpressionExecution/DefaultExpressionExecutor.cs,src/Remote.Linq.Async.Queryable/DynamicQuery/RemoteLinqAsyncQueryProvider`1.cs
GNOME/chronojump,src/gui/preferences.cs,src/util.cs
GNOME/chronojump,src/sqlite/preferences.cs,src/util.cs
GNOME/chronojump,src/sqlite/main.cs,src/util.cs
ashmind/SharpLab,source/Server/MirrorSharp/SlowUpdate.cs,source/Server/Decompilation/JitAsmDecompiler.cs
MetacoSA/NBitcoin,NBitcoin/PrecomputedTransactionData.cs,NBitcoin/BuilderExtensions/P2PKHBuilderExtension.cs
Pathoschild/SMAPI,src/SMAPI.Mods.ErrorHandler/Patches/ScheduleErrorPatch.cs,src/SMAPI/Framework/TemporaryHacks/MiniMonoModHotfix.cs
Pathoschild/SMAPI,src/SMAPI.Mods.ErrorHandler/Patches/SaveGamePatcher.cs,src/SMAPI/Framework/TemporaryHacks/MiniMonoModHotfix.cs
Pathoschild/SMAPI,src/SMAPI.Mods.ErrorHandler/Patches/DialogueErrorPatch.cs,src/SMAPI/Framework/TemporaryHacks/MiniMonoModHotfix.cs
Pathoschild/SMAPI,src/SMAPI.Mods.ErrorHandler/Patches/ObjectErrorPatch.cs,src/SMAPI/Framework/TemporaryHacks/MiniMonoModHotfix.cs
Pathoschild/SMAPI,src/SMAPI.Mods.ErrorHandler/Patches/LoadErrorPatch.cs,src/SMAPI/Framework/TemporaryHacks/MiniMonoModHotfix.cs
Pathoschild/SMAPI,src/SMAPI.Mods.ErrorHandler/ModEntry.cs,src/SMAPI/Framework/TemporaryHacks/MiniMonoModHotfix.cs
mdesalvo/RDFSharp,RDFSharp/Semantics/OWL/RDFSemanticsUtilities.cs,RDFSharp/Semantics/OWL/Ontology/Data/RDFOntologyData.cs
mdesalvo/RDFSharp,RDFSharp/Semantics/OWL/RDFSemanticsUtilities.cs,RDFSharp/Semantics/OWL/Ontology/Model/ClassModel/RDFOntologyClassModel.cs
mdesalvo/RDFSharp,RDFSharp/Semantics/OWL/RDFSemanticsUtilities.cs,RDFSharp/Semantics/OWL/Ontology/Model/PropertyModel/RDFOntologyPropertyModel.cs
ppy/osu-framework,osu.Framework/Audio/Mixing/IBassAudioMixer.cs,osu.Framework/Audio/Mixing/BassAudioMixer.cs
ppy/osu-framework,osu.Framework/Audio/Mixing/IAudioMixer.cs,osu.Framework/Audio/Mixing/BassAudioMixer.cs
ppy/osu-framework,osu.Framework/Audio/Mixing/IAudioMixer.cs,osu.Framework/Audio/Mixing/Bass/PassThroughBassAudioChannelInterface.cs
ppy/osu-framework,osu.Framework/Audio/Mixing/IBassAudioMixer.cs,osu.Framework/Audio/Mixing/Bass/PassThroughBassAudioChannelInterface.cs
UnigramDev/Unigram,Unigram/Unigram/Controls/Cells/GroupCallParticipantGridCell.xaml.cs,Unigram/Unigram/Services/GroupCallService.cs
RobinHood70/HoodBot,Robby/Title.cs,WallE/Eve/WikiAbstractionLayer.cs
RobinHood70/HoodBot,Robby/PageCollection.cs,WallE/Eve/WikiAbstractionLayer.cs
RobinHood70/HoodBot,Robby/Site.cs,WallE/Eve/WikiAbstractionLayer.cs
RobinHood70/HoodBot,Robby/RecentChange.cs,WallE/Eve/WikiAbstractionLayer.cs
RobinHood70/HoodBot,Robby/TitleCollection.cs,WallE/Eve/WikiAbstractionLayer.cs
RobinHood70/HoodBot,Robby/Contribution.cs,WallE/Eve/WikiAbstractionLayer.cs
RobinHood70/HoodBot,Robby/User.cs,WallE/Eve/WikiAbstractionLayer.cs
CypherCore/CypherCore,Source/Game/Entities/Player/Player.cs,Source/Game/Spells/Spell.cs
CypherCore/CypherCore,Source/Game/Reputation/ReputationManager.cs,Source/Game/Spells/Spell.cs
CypherCore/CypherCore,Source/Framework/Database/Databases/HotfixDatabase.cs,Source/Game/Spells/Spell.cs
CypherCore/CypherCore,Source/Game/DataStorage/CliDB.cs,Source/Game/Spells/Spell.cs
CypherCore/CypherCore,Source/Game/Chat/Commands/MiscCommands.cs,Source/Game/Spells/Spell.cs
CypherCore/CypherCore,Source/Game/Achievements/CriteriaHandler.cs,Source/Game/Spells/Spell.cs
CypherCore/CypherCore,Source/Framework/Constants/AchievementConst.cs,Source/Game/Spells/Spell.cs
CypherCore/CypherCore,Source/Framework/Constants/AchievementConst.cs,Source/Game/Entities/Unit/Unit.cs
CypherCore/CypherCore,Source/Game/DataStorage/CliDB.cs,Source/Game/Entities/Unit/Unit.cs
CypherCore/CypherCore,Source/Game/Reputation/ReputationManager.cs,Source/Game/Entities/Unit/Unit.cs
CypherCore/CypherCore,Source/Game/Chat/Commands/MiscCommands.cs,Source/Game/Entities/Unit/Unit.cs
CypherCore/CypherCore,Source/Game/Entities/Player/Player.cs,Source/Game/Entities/Unit/Unit.cs
CypherCore/CypherCore,Source/Framework/Database/Databases/HotfixDatabase.cs,Source/Game/Entities/Unit/Unit.cs
CypherCore/CypherCore,Source/Game/Achievements/CriteriaHandler.cs,Source/Game/Entities/Unit/Unit.cs
CypherCore/CypherCore,Source/Game/DataStorage/CliDB.cs,Source/Game/Spells/SpellEffects.cs
CypherCore/CypherCore,Source/Framework/Database/Databases/HotfixDatabase.cs,Source/Game/Spells/SpellEffects.cs
CypherCore/CypherCore,Source/Framework/Constants/AchievementConst.cs,Source/Game/Spells/SpellEffects.cs
CypherCore/CypherCore,Source/Game/Chat/Commands/MiscCommands.cs,Source/Game/Spells/SpellEffects.cs
CypherCore/CypherCore,Source/Game/Entities/Player/Player.cs,Source/Game/Spells/SpellEffects.cs
CypherCore/CypherCore,Source/Game/Achievements/CriteriaHandler.cs,Source/Game/Spells/SpellEffects.cs
CypherCore/CypherCore,Source/Game/Reputation/ReputationManager.cs,Source/Game/Spells/SpellEffects.cs
CypherCore/CypherCore,Source/Framework/Database/Databases/HotfixDatabase.cs,Source/Game/Combat/ThreatManager.cs
CypherCore/CypherCore,Source/Game/Chat/Commands/MiscCommands.cs,Source/Game/Combat/ThreatManager.cs
CypherCore/CypherCore,Source/Game/DataStorage/CliDB.cs,Source/Game/Combat/ThreatManager.cs
CypherCore/CypherCore,Source/Game/Achievements/CriteriaHandler.cs,Source/Game/Combat/ThreatManager.cs
CypherCore/CypherCore,Source/Game/Reputation/ReputationManager.cs,Source/Game/Combat/ThreatManager.cs
CypherCore/CypherCore,Source/Framework/Constants/AchievementConst.cs,Source/Game/Combat/ThreatManager.cs
CypherCore/CypherCore,Source/Game/Entities/Player/Player.cs,Source/Game/Combat/ThreatManager.cs
CypherCore/CypherCore,Source/Framework/Database/Databases/HotfixDatabase.cs,Source/Game/AI/SmartScripts/SmartAI.cs
CypherCore/CypherCore,Source/Game/DataStorage/CliDB.cs,Source/Game/AI/SmartScripts/SmartAI.cs
CypherCore/CypherCore,Source/Game/Chat/Commands/MiscCommands.cs,Source/Game/AI/SmartScripts/SmartAI.cs
CypherCore/CypherCore,Source/Game/Entities/Player/Player.cs,Source/Game/AI/SmartScripts/SmartAI.cs
CypherCore/CypherCore,Source/Game/Achievements/CriteriaHandler.cs,Source/Game/AI/SmartScripts/SmartAI.cs
CypherCore/CypherCore,Source/Framework/Constants/AchievementConst.cs,Source/Game/AI/SmartScripts/SmartAI.cs
CypherCore/CypherCore,Source/Game/Reputation/ReputationManager.cs,Source/Game/AI/SmartScripts/SmartAI.cs
CypherCore/CypherCore,Source/Game/Chat/Commands/MiscCommands.cs,Source/Game/Spells/Auras/AuraEffect.cs
CypherCore/CypherCore,Source/Game/Entities/Player/Player.cs,Source/Game/Spells/Auras/AuraEffect.cs
CypherCore/CypherCore,Source/Game/Reputation/ReputationManager.cs,Source/Game/Spells/Auras/AuraEffect.cs
CypherCore/CypherCore,Source/Game/Achievements/CriteriaHandler.cs,Source/Game/Spells/Auras/AuraEffect.cs
CypherCore/CypherCore,Source/Game/DataStorage/CliDB.cs,Source/Game/Spells/Auras/AuraEffect.cs
CypherCore/CypherCore,Source/Framework/Constants/AchievementConst.cs,Source/Game/Spells/Auras/AuraEffect.cs
CypherCore/CypherCore,Source/Framework/Database/Databases/HotfixDatabase.cs,Source/Game/Spells/Auras/AuraEffect.cs
CypherCore/CypherCore,Source/Game/Achievements/CriteriaHandler.cs,Source/Game/Entities/Unit/Unit.Spells.cs
CypherCore/CypherCore,Source/Framework/Database/Databases/HotfixDatabase.cs,Source/Game/Entities/Unit/Unit.Spells.cs
CypherCore/CypherCore,Source/Game/Reputation/ReputationManager.cs,Source/Game/Entities/Unit/Unit.Spells.cs
CypherCore/CypherCore,Source/Game/DataStorage/CliDB.cs,Source/Game/Entities/Unit/Unit.Spells.cs
CypherCore/CypherCore,Source/Game/Entities/Player/Player.cs,Source/Game/Entities/Unit/Unit.Spells.cs
CypherCore/CypherCore,Source/Framework/Constants/AchievementConst.cs,Source/Game/Entities/Unit/Unit.Spells.cs
CypherCore/CypherCore,Source/Game/Chat/Commands/MiscCommands.cs,Source/Game/Entities/Unit/Unit.Spells.cs
CypherCore/CypherCore,Source/Game/DataStorage/CliDB.cs,Source/Game/AI/SmartScripts/SmartAIManager.cs
CypherCore/CypherCore,Source/Game/Entities/Player/Player.cs,Source/Game/AI/SmartScripts/SmartAIManager.cs
CypherCore/CypherCore,Source/Framework/Database/Databases/HotfixDatabase.cs,Source/Game/AI/SmartScripts/SmartAIManager.cs
CypherCore/CypherCore,Source/Framework/Constants/AchievementConst.cs,Source/Game/AI/SmartScripts/SmartAIManager.cs
CypherCore/CypherCore,Source/Game/Reputation/ReputationManager.cs,Source/Game/AI/SmartScripts/SmartAIManager.cs
CypherCore/CypherCore,Source/Game/Achievements/CriteriaHandler.cs,Source/Game/AI/SmartScripts/SmartAIManager.cs
CypherCore/CypherCore,Source/Game/Chat/Commands/MiscCommands.cs,Source/Game/AI/SmartScripts/SmartAIManager.cs
Invenietis/CK-CodeGen,CK.CodeGen/CodeWriterExtensions.cs,CK.CodeGen/NullableType/NullabilityTypeExtensions.cs
melanchall/drywetmidi,DryWetMidi/Devices/InputDevice/InputDeviceApi32.cs,DryWetMidi/Devices/Clock/TickGenerator/TickGeneratorApi.cs
melanchall/drywetmidi,DryWetMidi/Devices/InputDevice/InputDeviceApi64.cs,DryWetMidi/Devices/Clock/TickGenerator/TickGeneratorApi.cs
melanchall/drywetmidi,DryWetMidi/Devices/OutputDevice/OutputDeviceApi64.cs,DryWetMidi/Devices/Clock/TickGenerator/TickGeneratorApi.cs
melanchall/drywetmidi,DryWetMidi/Devices/OutputDevice/OutputDeviceApi.cs,DryWetMidi/Devices/Clock/TickGenerator/TickGeneratorApi.cs
melanchall/drywetmidi,DryWetMidi/Devices/OutputDevice/OutputDeviceApi32.cs,DryWetMidi/Devices/Clock/TickGenerator/TickGeneratorApi.cs
uholeschak/ediabaslib,BmwDeepObd/JobReader.cs,BmwDeepObd/EdiabasThread.cs
uholeschak/ediabaslib,BmwDeepObd/MainActivity.cs,BmwDeepObd/EdiabasThread.cs
uholeschak/ediabaslib,EdiabasLib/EdiabasLib/EdOperations.cs,EdiabasLib/EdiabasLib/EdInterfaceObd.cs
whitestone-no/Cambion,src/Transports/RabbitMQ/RabbitMQ/RabbitMqTransport.cs,src/Transports/AzureServiceBus/AzureServiceBus/AzureServiceBusTransport.cs
Azure/azure-sdk-for-net,sdk/metricsadvisor/Azure.AI.MetricsAdvisor/src/Generated/Models/NotificationHook.Serialization.cs,sdk/metricsadvisor/Azure.AI.MetricsAdvisor/src/MetricsAdvisorAdministrationClient.cs
Azure/azure-sdk-for-net,sdk/metricsadvisor/Azure.AI.MetricsAdvisor/src/Models/DataFeed/DataFeed.cs,sdk/metricsadvisor/Azure.AI.MetricsAdvisor/src/MetricsAdvisorAdministrationClient.cs
Azure/azure-sdk-for-net,sdk/metricsadvisor/Azure.AI.MetricsAdvisor/src/Generated/Models/WebNotificationHook.Serialization.cs,sdk/metricsadvisor/Azure.AI.MetricsAdvisor/src/MetricsAdvisorAdministrationClient.cs
Azure/azure-sdk-for-net,sdk/metricsadvisor/Azure.AI.MetricsAdvisor/src/Generated/Models/EmailNotificationHook.Serialization.cs,sdk/metricsadvisor/Azure.AI.MetricsAdvisor/src/MetricsAdvisorAdministrationClient.cs
Azure/azure-sdk-for-net,sdk/metricsadvisor/Azure.AI.MetricsAdvisor/src/MetricsAdvisorClient.cs,sdk/metricsadvisor/Azure.AI.MetricsAdvisor/src/MetricsAdvisorAdministrationClient.cs
cadon/ARKStatsExtractor,ARKBreedingStats/Properties/AssemblyInfo.cs,ARKBreedingStats/Form1.cs
cadon/ARKStatsExtractor,ARKBreedingStats/Properties/AssemblyInfo.cs,ARKBreedingStats/Form1.Designer.cs
SubtitleEdit/subtitleedit,src/ui/Logic/MainShortcuts.cs,src/ui/Forms/Main.Designer.cs
SubtitleEdit/subtitleedit,src/ui/Logic/MainShortcuts.cs,src/ui/Forms/Options/Settings.cs
Willster419/RelhaxModpack,RelhaxModpack/RelhaxModpack/Properties/AssemblyInfo.cs,RelhaxModpack/RelhaxModpack/MainWindow.xaml.cs
Willster419/RelhaxModpack,RelhaxModpack/RelhaxModpack/Automation/EndCompareTask.cs,RelhaxModpack/RelhaxModpack/Automation/ImportTask.cs
Willster419/RelhaxModpack,RelhaxModpack/RelhaxModpack/Windows/HtmlPathSelector.xaml.cs,RelhaxModpack/RelhaxModpack/Automation/ImportTask.cs
Willster419/RelhaxModpack,RelhaxModpack/RelhaxModpack/Common/ApplicationConstants.cs,RelhaxModpack/RelhaxModpack/Automation/ImportTask.cs
Willster419/RelhaxModpack,RelhaxModpack/RelhaxModpack/Common/ApplicationConstants.cs,RelhaxModpack/RelhaxModpack/Automation/DatabaseTask.cs
Willster419/RelhaxModpack,RelhaxModpack/RelhaxModpack/Windows/HtmlPathSelector.xaml.cs,RelhaxModpack/RelhaxModpack/Automation/DatabaseTask.cs
Willster419/RelhaxModpack,RelhaxModpack/RelhaxModpack/Automation/EndCompareTask.cs,RelhaxModpack/RelhaxModpack/Automation/DatabaseTask.cs
Willster419/RelhaxModpack,RelhaxModpack/RelhaxModpack/Automation/EndCompareTask.cs,RelhaxModpack/RelhaxModpack/Database/DatabaseManager.cs
Willster419/RelhaxModpack,RelhaxModpack/RelhaxModpack/Windows/HtmlPathSelector.xaml.cs,RelhaxModpack/RelhaxModpack/Database/DatabaseManager.cs
Willster419/RelhaxModpack,RelhaxModpack/RelhaxModpack/Common/ApplicationConstants.cs,RelhaxModpack/RelhaxModpack/Database/DatabaseManager.cs
Willster419/RelhaxModpack,RelhaxModpack/RelhaxModpack/Common/ApplicationConstants.cs,RelhaxModpack/RelhaxModpack/Automation/FileCompareTask.cs
Willster419/RelhaxModpack,RelhaxModpack/RelhaxModpack/Automation/EndCompareTask.cs,RelhaxModpack/RelhaxModpack/Automation/FileCompareTask.cs
Willster419/RelhaxModpack,RelhaxModpack/RelhaxModpack/Windows/HtmlPathSelector.xaml.cs,RelhaxModpack/RelhaxModpack/Automation/FileCompareTask.cs
Willster419/RelhaxModpack,RelhaxModpack/RelhaxModpack/Automation/EndCompareTask.cs,RelhaxModpack/RelhaxModpack/Automation/FileHashComparer.cs
Willster419/RelhaxModpack,RelhaxModpack/RelhaxModpack/Windows/HtmlPathSelector.xaml.cs,RelhaxModpack/RelhaxModpack/Automation/FileHashComparer.cs
Willster419/RelhaxModpack,RelhaxModpack/RelhaxModpack/Common/ApplicationConstants.cs,RelhaxModpack/RelhaxModpack/Automation/FileHashComparer.cs
Willster419/RelhaxModpack,RelhaxModpack/RelhaxModpack/Automation/EndCompareTask.cs,RelhaxModpack/RelhaxModpack/Automation/LoadDatabaseTask.cs
Willster419/RelhaxModpack,RelhaxModpack/RelhaxModpack/Windows/HtmlPathSelector.xaml.cs,RelhaxModpack/RelhaxModpack/Automation/LoadDatabaseTask.cs
Willster419/RelhaxModpack,RelhaxModpack/RelhaxModpack/Common/ApplicationConstants.cs,RelhaxModpack/RelhaxModpack/Automation/LoadDatabaseTask.cs
Willster419/RelhaxModpack,RelhaxModpack/RelhaxModpack/Properties/AssemblyInfo.cs,RelhaxModpack/RelhaxModpack/Windows/DatabaseEditor.xaml.cs
Willster419/RelhaxModpack,RelhaxModpack/RelhaxModpack/Automation/EndCompareTask.cs,RelhaxModpack/RelhaxModpack/Automation/PackageUploadTask.cs
Willster419/RelhaxModpack,RelhaxModpack/RelhaxModpack/Common/ApplicationConstants.cs,RelhaxModpack/RelhaxModpack/Automation/PackageUploadTask.cs
Willster419/RelhaxModpack,RelhaxModpack/RelhaxModpack/Windows/HtmlPathSelector.xaml.cs,RelhaxModpack/RelhaxModpack/Automation/PackageUploadTask.cs
Willster419/RelhaxModpack,RelhaxModpack/RelhaxModpack/Common/ApplicationConstants.cs,RelhaxModpack/RelhaxModpack/Windows/RelhaxLogViewer.xaml.cs
Willster419/RelhaxModpack,RelhaxModpack/RelhaxModpack/Windows/HtmlPathSelector.xaml.cs,RelhaxModpack/RelhaxModpack/Windows/RelhaxLogViewer.xaml.cs
Willster419/RelhaxModpack,RelhaxModpack/RelhaxModpack/Automation/EndCompareTask.cs,RelhaxModpack/RelhaxModpack/Windows/RelhaxLogViewer.xaml.cs
Willster419/RelhaxModpack,RelhaxModpack/RelhaxModpack/Windows/HtmlPathSelector.xaml.cs,RelhaxModpack/RelhaxModpack/Automation/PackageDownloadTask.cs
Willster419/RelhaxModpack,RelhaxModpack/RelhaxModpack/Common/ApplicationConstants.cs,RelhaxModpack/RelhaxModpack/Automation/PackageDownloadTask.cs
Willster419/RelhaxModpack,RelhaxModpack/RelhaxModpack/Automation/EndCompareTask.cs,RelhaxModpack/RelhaxModpack/Automation/PackageDownloadTask.cs
Willster419/RelhaxModpack,RelhaxModpack/RelhaxModpack/Automation/EndCompareTask.cs,RelhaxModpack/RelhaxModpack/Automation/PackageTransferTask.cs
Willster419/RelhaxModpack,RelhaxModpack/RelhaxModpack/Windows/HtmlPathSelector.xaml.cs,RelhaxModpack/RelhaxModpack/Automation/PackageTransferTask.cs
Willster419/RelhaxModpack,RelhaxModpack/RelhaxModpack/Common/ApplicationConstants.cs,RelhaxModpack/RelhaxModpack/Automation/PackageTransferTask.cs
Willster419/RelhaxModpack,RelhaxModpack/RelhaxModpack/Windows/HtmlPathSelector.xaml.cs,RelhaxModpack/RelhaxModpack/Automation/Tasks/AutomationTask.cs
Willster419/RelhaxModpack,RelhaxModpack/RelhaxModpack/Common/ApplicationConstants.cs,RelhaxModpack/RelhaxModpack/Automation/Tasks/AutomationTask.cs
Willster419/RelhaxModpack,RelhaxModpack/RelhaxModpack/Automation/EndCompareTask.cs,RelhaxModpack/RelhaxModpack/Automation/Tasks/AutomationTask.cs
Willster419/RelhaxModpack,RelhaxModpack/RelhaxModpack/Windows/HtmlPathSelector.xaml.cs,RelhaxModpack/RelhaxModpack/Windows/PackageSelectionList.xaml.cs
Willster419/RelhaxModpack,RelhaxModpack/RelhaxModpack/Automation/EndCompareTask.cs,RelhaxModpack/RelhaxModpack/Windows/PackageSelectionList.xaml.cs
Willster419/RelhaxModpack,RelhaxModpack/RelhaxModpack/Common/ApplicationConstants.cs,RelhaxModpack/RelhaxModpack/Windows/PackageSelectionList.xaml.cs
Arkhist/Hacknet-Pathfinder,PathfinderAPI/Util/XML/IExecutor.cs,BepInEx.Hacknet/HacknetChainloader.cs
Arkhist/Hacknet-Pathfinder,PathfinderAPI/Util/XML/EventReader.cs,BepInEx.Hacknet/HacknetChainloader.cs
Arkhist/Hacknet-Pathfinder,PathfinderAPI/Util/XML/EventReader.cs,PathfinderAPI/Util/StringExtensions.cs
Arkhist/Hacknet-Pathfinder,PathfinderAPI/Util/XML/IExecutor.cs,PathfinderAPI/Util/StringExtensions.cs
Arkhist/Hacknet-Pathfinder,PathfinderAPI/Util/XML/EventReader.cs,PathfinderAPI/Replacements/ContentLoader.cs
Arkhist/Hacknet-Pathfinder,PathfinderAPI/Util/XML/IExecutor.cs,PathfinderAPI/Replacements/ContentLoader.cs
Arkhist/Hacknet-Pathfinder,PathfinderAPI/Util/XML/IExecutor.cs,PathfinderAPI/Replacements/MissionLoader.cs
Arkhist/Hacknet-Pathfinder,PathfinderAPI/Util/XML/EventReader.cs,PathfinderAPI/Replacements/MissionLoader.cs
TechnitiumSoftware/DnsServer,DnsServerCore/Dns/Zones/SecondaryZone.cs,DnsServerCore/Dns/Zones/AuthZone.cs
TechnitiumSoftware/DnsServer,DnsServerCore/Dns/Zones/SecondaryZone.cs,DnsServerCore/Dns/ZoneManagers/AuthZoneManager.cs
GridProtectionAlliance/openMIC,Source/Applications/openMICManager/openMICManager/Properties/AssemblyInfo.cs,Source/Applications/openMIC/openMIC/Downloader.cs
GridProtectionAlliance/openMIC,Source/Applications/openMIC/WixFolderGen/Properties/AssemblyInfo.cs,Source/Applications/openMIC/openMIC/Downloader.cs
GridProtectionAlliance/openMIC,Source/Tools/ConfigurationSetupUtility/Properties/AssemblyInfo.cs,Source/Applications/openMIC/openMIC/Downloader.cs
GridProtectionAlliance/openMIC,Source/Applications/openMIC/openMICServices/Properties/AssemblyInfo.cs,Source/Applications/openMIC/openMIC/Downloader.cs
GridProtectionAlliance/openMIC,Source/Applications/openMIC/openMICShell/Properties/AssemblyInfo.cs,Source/Applications/openMIC/openMIC/Downloader.cs
GridProtectionAlliance/openMIC,Source/Applications/openMIC/openMIC/Properties/AssemblyInfo.cs,Source/Applications/openMIC/openMIC/Downloader.cs
GridProtectionAlliance/openMIC,Source/Applications/openMIC/openMICConsole/Properties/AssemblyInfo.cs,Source/Applications/openMIC/openMIC/Downloader.cs
martincostello/alexa-london-travel-site,src/LondonTravel.Site/Extensions/ClaimsPrincipalExtensions.cs,src/LondonTravel.Site/Controllers/ManageController.cs
martincostello/alexa-london-travel-site,src/LondonTravel.Site/Controllers/AccountController.cs,src/LondonTravel.Site/Controllers/ManageController.cs
martincostello/alexa-london-travel-site,src/LondonTravel.Site/SiteResources.cs,src/LondonTravel.Site/Controllers/ManageController.cs
martincostello/alexa-london-travel-site,src/LondonTravel.Site/Extensions/IUrlHelperExtensions.cs,src/LondonTravel.Site/Controllers/ManageController.cs
martincostello/alexa-london-travel-site,src/LondonTravel.Site/Program.cs,src/LondonTravel.Site/Controllers/ManageController.cs
martincostello/alexa-london-travel-site,src/LondonTravel.Site/Extensions/IHtmlHelperExtensions.cs,src/LondonTravel.Site/Controllers/ManageController.cs
martincostello/alexa-london-travel-site,src/LondonTravel.Site/Swagger/RemoveStyleCopPrefixesFilter.cs,src/LondonTravel.Site/Controllers/ManageController.cs
